"","X1","months","neighbourhood_cleansed","price","state"
"1",1,2020-05-01,"ALBANY",174.904761904762,"Western Australia"
"2",2,2020-06-01,"ALBANY",174.952380952381,"Western Australia"
"3",3,2020-10-01,"ALBANY",180.899665551839,"Western Australia"
"4",4,2020-11-01,"ALBANY",182.177993527508,"Western Australia"
"5",5,2020-12-01,"ALBANY",216.059210526316,"Western Australia"
"6",6,2021-01-01,"ALBANY",206.660256410256,"Western Australia"
"7",7,2021-02-01,"ALBANY",200.790476190476,"Western Australia"
"8",8,2021-03-01,"ALBANY",197.076923076923,"Western Australia"
"9",9,2021-04-01,"ALBANY",180.518518518519,"Western Australia"
"10",10,2020-05-01,"ARMADALE",89.8791208791209,"Western Australia"
"11",11,2020-06-01,"ARMADALE",89.3406593406593,"Western Australia"
"12",12,2020-10-01,"ARMADALE",96.32,"Western Australia"
"13",13,2020-11-01,"ARMADALE",97.7945205479452,"Western Australia"
"14",14,2020-12-01,"ARMADALE",107.25,"Western Australia"
"15",15,2021-01-01,"ARMADALE",104.782608695652,"Western Australia"
"16",16,2021-02-01,"ARMADALE",105.970149253731,"Western Australia"
"17",17,2021-03-01,"ARMADALE",105.84126984127,"Western Australia"
"18",18,2021-04-01,"ARMADALE",113.2,"Western Australia"
"19",19,2020-05-01,"ASHBURTON",200,"Western Australia"
"20",20,2020-06-01,"ASHBURTON",190,"Western Australia"
"21",21,2020-12-01,"ASHBURTON",178.333333333333,"Western Australia"
"22",22,2021-01-01,"ASHBURTON",178.333333333333,"Western Australia"
"23",23,2021-02-01,"ASHBURTON",178.333333333333,"Western Australia"
"24",24,2021-03-01,"ASHBURTON",178.333333333333,"Western Australia"
"25",25,2020-05-01,"AUGUSTA-MARGARET RIVER",212.717948717949,"Western Australia"
"26",26,2020-06-01,"AUGUSTA-MARGARET RIVER",212.6,"Western Australia"
"27",27,2020-10-01,"AUGUSTA-MARGARET RIVER",224.162011173184,"Western Australia"
"28",28,2020-11-01,"AUGUSTA-MARGARET RIVER",222.78463648834,"Western Australia"
"29",29,2020-12-01,"AUGUSTA-MARGARET RIVER",242.682108626198,"Western Australia"
"30",30,2021-01-01,"AUGUSTA-MARGARET RIVER",236.534361851332,"Western Australia"
"31",31,2021-02-01,"AUGUSTA-MARGARET RIVER",234.354794520548,"Western Australia"
"32",32,2021-03-01,"AUGUSTA-MARGARET RIVER",230.045588235294,"Western Australia"
"33",33,2021-04-01,"AUGUSTA-MARGARET RIVER",195.666666666667,"Western Australia"
"34",34,2020-05-01,"BASSENDEAN",79.6969696969697,"Western Australia"
"35",35,2020-06-01,"BASSENDEAN",79.6060606060606,"Western Australia"
"36",36,2020-10-01,"BASSENDEAN",81.448275862069,"Western Australia"
"37",37,2020-11-01,"BASSENDEAN",83.2758620689655,"Western Australia"
"38",38,2020-12-01,"BASSENDEAN",95.3793103448276,"Western Australia"
"39",39,2021-01-01,"BASSENDEAN",86,"Western Australia"
"40",40,2021-02-01,"BASSENDEAN",86,"Western Australia"
"41",41,2021-03-01,"BASSENDEAN",86.7857142857143,"Western Australia"
"42",42,2020-05-01,"BAYSWATER",89.9917355371901,"Western Australia"
"43",43,2020-06-01,"BAYSWATER",88.0327868852459,"Western Australia"
"44",44,2020-10-01,"BAYSWATER",89.4797687861272,"Western Australia"
"45",45,2020-11-01,"BAYSWATER",93.5505617977528,"Western Australia"
"46",46,2020-12-01,"BAYSWATER",105.977272727273,"Western Australia"
"47",47,2021-01-01,"BAYSWATER",98.6959064327485,"Western Australia"
"48",48,2021-02-01,"BAYSWATER",97.5714285714286,"Western Australia"
"49",49,2021-03-01,"BAYSWATER",93.0596026490066,"Western Australia"
"50",50,2021-04-01,"BAYSWATER",139.666666666667,"Western Australia"
"51",51,2020-05-01,"BELMONT",93.8639240506329,"Western Australia"
"52",52,2020-06-01,"BELMONT",94.3343653250774,"Western Australia"
"53",53,2020-10-01,"BELMONT",100.731404958678,"Western Australia"
"54",54,2020-11-01,"BELMONT",103.553278688525,"Western Australia"
"55",55,2020-12-01,"BELMONT",113.417021276596,"Western Australia"
"56",56,2021-01-01,"BELMONT",118.330434782609,"Western Australia"
"57",57,2021-02-01,"BELMONT",119.466367713004,"Western Australia"
"58",58,2021-03-01,"BELMONT",123.086124401914,"Western Australia"
"59",59,2021-04-01,"BELMONT",87.5,"Western Australia"
"60",60,2020-05-01,"BEVERLEY",143.833333333333,"Western Australia"
"61",61,2020-06-01,"BEVERLEY",128,"Western Australia"
"62",62,2020-10-01,"BEVERLEY",140,"Western Australia"
"63",63,2020-11-01,"BEVERLEY",150,"Western Australia"
"64",64,2020-12-01,"BEVERLEY",157,"Western Australia"
"65",65,2021-01-01,"BEVERLEY",156,"Western Australia"
"66",66,2021-02-01,"BEVERLEY",157,"Western Australia"
"67",67,2021-03-01,"BEVERLEY",157,"Western Australia"
"68",68,2020-05-01,"BODDINGTON",83,"Western Australia"
"69",69,2020-06-01,"BODDINGTON",76.6666666666667,"Western Australia"
"70",70,2020-10-01,"BODDINGTON",114,"Western Australia"
"71",71,2020-11-01,"BODDINGTON",114,"Western Australia"
"72",72,2020-12-01,"BODDINGTON",116,"Western Australia"
"73",73,2021-01-01,"BODDINGTON",96.3333333333333,"Western Australia"
"74",74,2021-02-01,"BODDINGTON",98,"Western Australia"
"75",75,2021-03-01,"BODDINGTON",99.6666666666667,"Western Australia"
"76",76,2020-05-01,"BOYUP BROOK",208.5,"Western Australia"
"77",77,2020-06-01,"BOYUP BROOK",207.5,"Western Australia"
"78",78,2020-10-01,"BOYUP BROOK",191.5,"Western Australia"
"79",79,2020-11-01,"BOYUP BROOK",191.5,"Western Australia"
"80",80,2020-12-01,"BOYUP BROOK",191,"Western Australia"
"81",81,2021-01-01,"BOYUP BROOK",175,"Western Australia"
"82",82,2021-02-01,"BOYUP BROOK",185,"Western Australia"
"83",83,2021-03-01,"BOYUP BROOK",185,"Western Australia"
"84",84,2020-05-01,"BRIDGETOWN-GREENBUSHES",158.444444444444,"Western Australia"
"85",85,2020-06-01,"BRIDGETOWN-GREENBUSHES",154.21568627451,"Western Australia"
"86",86,2020-10-01,"BRIDGETOWN-GREENBUSHES",166.387755102041,"Western Australia"
"87",87,2020-11-01,"BRIDGETOWN-GREENBUSHES",173.88,"Western Australia"
"88",88,2020-12-01,"BRIDGETOWN-GREENBUSHES",173.745098039216,"Western Australia"
"89",89,2021-01-01,"BRIDGETOWN-GREENBUSHES",172.769230769231,"Western Australia"
"90",90,2021-02-01,"BRIDGETOWN-GREENBUSHES",171.48,"Western Australia"
"91",91,2021-03-01,"BRIDGETOWN-GREENBUSHES",169.191489361702,"Western Australia"
"92",92,2021-04-01,"BRIDGETOWN-GREENBUSHES",198,"Western Australia"
"93",93,2020-05-01,"BROOME",206.420454545455,"Western Australia"
"94",94,2020-06-01,"BROOME",205.10303030303,"Western Australia"
"95",95,2020-10-01,"BROOME",130.75,"Western Australia"
"96",96,2020-11-01,"BROOME",129.916666666667,"Western Australia"
"97",97,2020-12-01,"BROOME",222.978723404255,"Western Australia"
"98",98,2021-01-01,"BROOME",218.107382550336,"Western Australia"
"99",99,2021-02-01,"BROOME",219.6,"Western Australia"
"100",100,2021-03-01,"BROOME",227.832061068702,"Western Australia"
"101",101,2021-04-01,"BROOME",145.666666666667,"Western Australia"
"102",102,2020-10-01,"BROOMEHILL-TAMBELLUP",120,"Western Australia"
"103",103,2020-11-01,"BROOMEHILL-TAMBELLUP",120,"Western Australia"
"104",104,2020-12-01,"BROOMEHILL-TAMBELLUP",120,"Western Australia"
"105",105,2021-01-01,"BROOMEHILL-TAMBELLUP",120,"Western Australia"
"106",106,2021-02-01,"BROOMEHILL-TAMBELLUP",120,"Western Australia"
"107",107,2021-03-01,"BROOMEHILL-TAMBELLUP",120,"Western Australia"
"108",108,2020-05-01,"BRUCE ROCK",200,"Western Australia"
"109",109,2020-06-01,"BRUCE ROCK",200,"Western Australia"
"110",110,2020-05-01,"BUNBURY",113.166666666667,"Western Australia"
"111",111,2020-06-01,"BUNBURY",110.480916030534,"Western Australia"
"112",112,2020-10-01,"BUNBURY",130.910714285714,"Western Australia"
"113",113,2020-11-01,"BUNBURY",139.347826086957,"Western Australia"
"114",114,2020-12-01,"BUNBURY",152.940677966102,"Western Australia"
"115",115,2021-01-01,"BUNBURY",144.76724137931,"Western Australia"
"116",116,2021-02-01,"BUNBURY",139.941176470588,"Western Australia"
"117",117,2021-03-01,"BUNBURY",140.836363636364,"Western Australia"
"118",118,2021-04-01,"BUNBURY",116.5,"Western Australia"
"119",119,2020-05-01,"BUSSELTON",225.775337837838,"Western Australia"
"120",120,2020-06-01,"BUSSELTON",227.895046179681,"Western Australia"
"121",121,2020-10-01,"BUSSELTON",239.923076923077,"Western Australia"
"122",122,2020-11-01,"BUSSELTON",244.284268629255,"Western Australia"
"123",123,2020-12-01,"BUSSELTON",276.693757361602,"Western Australia"
"124",124,2021-01-01,"BUSSELTON",266.410032715376,"Western Australia"
"125",125,2021-02-01,"BUSSELTON",261.794117647059,"Western Australia"
"126",126,2021-03-01,"BUSSELTON",251.335282651072,"Western Australia"
"127",127,2021-04-01,"BUSSELTON",217.2,"Western Australia"
"128",128,2020-05-01,"CAMBRIDGE",124.886363636364,"Western Australia"
"129",129,2020-06-01,"CAMBRIDGE",123.443609022556,"Western Australia"
"130",130,2020-10-01,"CAMBRIDGE",101.048192771084,"Western Australia"
"131",131,2020-11-01,"CAMBRIDGE",100.494382022472,"Western Australia"
"132",132,2020-12-01,"CAMBRIDGE",112.060240963855,"Western Australia"
"133",133,2021-01-01,"CAMBRIDGE",107.621951219512,"Western Australia"
"134",134,2021-02-01,"CAMBRIDGE",104.670731707317,"Western Australia"
"135",135,2021-03-01,"CAMBRIDGE",110.666666666667,"Western Australia"
"136",136,2021-04-01,"CAMBRIDGE",78.3333333333333,"Western Australia"
"137",137,2020-05-01,"CANNING",77.505376344086,"Western Australia"
"138",138,2020-06-01,"CANNING",74.456204379562,"Western Australia"
"139",139,2020-10-01,"CANNING",82.9148936170213,"Western Australia"
"140",140,2020-11-01,"CANNING",83.2169312169312,"Western Australia"
"141",141,2020-12-01,"CANNING",85.6102564102564,"Western Australia"
"142",142,2021-01-01,"CANNING",85.0362694300518,"Western Australia"
"143",143,2021-02-01,"CANNING",86.4491978609626,"Western Australia"
"144",144,2021-03-01,"CANNING",88.5879120879121,"Western Australia"
"145",145,2021-04-01,"CANNING",69.125,"Western Australia"
"146",146,2020-05-01,"CAPEL",182.486111111111,"Western Australia"
"147",147,2020-06-01,"CAPEL",182.140845070423,"Western Australia"
"148",148,2020-10-01,"CAPEL",190.983870967742,"Western Australia"
"149",149,2020-11-01,"CAPEL",190.59375,"Western Australia"
"150",150,2020-12-01,"CAPEL",204.322580645161,"Western Australia"
"151",151,2021-01-01,"CAPEL",196.878787878788,"Western Australia"
"152",152,2021-02-01,"CAPEL",195.720588235294,"Western Australia"
"153",153,2021-03-01,"CAPEL",189.4375,"Western Australia"
"154",154,2021-04-01,"CAPEL",253.666666666667,"Western Australia"
"155",155,2020-10-01,"CARNAMAH",180,"Western Australia"
"156",156,2020-11-01,"CARNAMAH",180,"Western Australia"
"157",157,2020-12-01,"CARNAMAH",180,"Western Australia"
"158",158,2021-01-01,"CARNAMAH",197,"Western Australia"
"159",159,2021-02-01,"CARNAMAH",182,"Western Australia"
"160",160,2021-03-01,"CARNAMAH",180,"Western Australia"
"161",161,2020-05-01,"CARNARVON",205.470588235294,"Western Australia"
"162",162,2020-06-01,"CARNARVON",205.764705882353,"Western Australia"
"163",163,2020-12-01,"CARNARVON",123,"Western Australia"
"164",164,2021-01-01,"CARNARVON",120,"Western Australia"
"165",165,2021-02-01,"CARNARVON",155,"Western Australia"
"166",166,2021-03-01,"CARNARVON",155,"Western Australia"
"167",167,2020-05-01,"CHAPMAN VALLEY",210,"Western Australia"
"168",168,2020-06-01,"CHAPMAN VALLEY",210,"Western Australia"
"169",169,2020-11-01,"CHAPMAN VALLEY",156.333333333333,"Western Australia"
"170",170,2020-12-01,"CHAPMAN VALLEY",166.75,"Western Australia"
"171",171,2021-01-01,"CHAPMAN VALLEY",152.5,"Western Australia"
"172",172,2021-02-01,"CHAPMAN VALLEY",153.25,"Western Australia"
"173",173,2021-03-01,"CHAPMAN VALLEY",190.5,"Western Australia"
"174",174,2020-05-01,"CHITTERING",156.88,"Western Australia"
"175",175,2020-06-01,"CHITTERING",151.521739130435,"Western Australia"
"176",176,2020-10-01,"CHITTERING",177.04,"Western Australia"
"177",177,2020-11-01,"CHITTERING",173.708333333333,"Western Australia"
"178",178,2020-12-01,"CHITTERING",176.56,"Western Australia"
"179",179,2021-01-01,"CHITTERING",183.083333333333,"Western Australia"
"180",180,2021-02-01,"CHITTERING",186,"Western Australia"
"181",181,2021-03-01,"CHITTERING",196.045454545455,"Western Australia"
"182",182,2021-04-01,"CHITTERING",128,"Western Australia"
"183",183,2020-05-01,"CLAREMONT",138.525423728814,"Western Australia"
"184",184,2020-06-01,"CLAREMONT",138.210526315789,"Western Australia"
"185",185,2020-10-01,"CLAREMONT",129.72972972973,"Western Australia"
"186",186,2020-11-01,"CLAREMONT",130.263157894737,"Western Australia"
"187",187,2020-12-01,"CLAREMONT",138.675675675676,"Western Australia"
"188",188,2021-01-01,"CLAREMONT",142.297297297297,"Western Australia"
"189",189,2021-02-01,"CLAREMONT",132.111111111111,"Western Australia"
"190",190,2021-03-01,"CLAREMONT",135.885714285714,"Western Australia"
"191",191,2020-05-01,"COCKBURN",99.075,"Western Australia"
"192",192,2020-06-01,"COCKBURN",98.39,"Western Australia"
"193",193,2020-10-01,"COCKBURN",98.2967741935484,"Western Australia"
"194",194,2020-11-01,"COCKBURN",99.0320512820513,"Western Australia"
"195",195,2020-12-01,"COCKBURN",101.974522292994,"Western Australia"
"196",196,2021-01-01,"COCKBURN",101.737179487179,"Western Australia"
"197",197,2021-02-01,"COCKBURN",102.709677419355,"Western Australia"
"198",198,2021-03-01,"COCKBURN",103.148387096774,"Western Australia"
"199",199,2021-04-01,"COCKBURN",125.142857142857,"Western Australia"
"200",200,2020-05-01,"COLLIE",119.5,"Western Australia"
"201",201,2020-06-01,"COLLIE",119.785714285714,"Western Australia"
"202",202,2020-10-01,"COLLIE",129.0625,"Western Australia"
"203",203,2020-11-01,"COLLIE",129.375,"Western Australia"
"204",204,2020-12-01,"COLLIE",129.5625,"Western Australia"
"205",205,2021-01-01,"COLLIE",127.333333333333,"Western Australia"
"206",206,2021-02-01,"COLLIE",127,"Western Australia"
"207",207,2021-03-01,"COLLIE",129.263157894737,"Western Australia"
"208",208,2020-05-01,"COOLGARDIE",115.5,"Western Australia"
"209",209,2020-06-01,"COOLGARDIE",115.5,"Western Australia"
"210",210,2020-05-01,"COOROW",185.777777777778,"Western Australia"
"211",211,2020-06-01,"COOROW",182.473684210526,"Western Australia"
"212",212,2020-10-01,"COOROW",187.842105263158,"Western Australia"
"213",213,2020-11-01,"COOROW",191.578947368421,"Western Australia"
"214",214,2020-12-01,"COOROW",206.210526315789,"Western Australia"
"215",215,2021-01-01,"COOROW",197.842105263158,"Western Australia"
"216",216,2021-02-01,"COOROW",194.315789473684,"Western Australia"
"217",217,2021-03-01,"COOROW",187.588235294118,"Western Australia"
"218",218,2021-04-01,"COOROW",180,"Western Australia"
"219",219,2020-05-01,"CORRIGIN",130.5,"Western Australia"
"220",220,2020-06-01,"CORRIGIN",150,"Western Australia"
"221",221,2020-10-01,"CORRIGIN",40,"Western Australia"
"222",222,2020-11-01,"CORRIGIN",50,"Western Australia"
"223",223,2020-12-01,"CORRIGIN",50,"Western Australia"
"224",224,2021-01-01,"CORRIGIN",50,"Western Australia"
"225",225,2021-02-01,"CORRIGIN",50,"Western Australia"
"226",226,2021-03-01,"CORRIGIN",50,"Western Australia"
"227",227,2020-05-01,"COTTESLOE",176.88198757764,"Western Australia"
"228",228,2020-06-01,"COTTESLOE",179.233333333333,"Western Australia"
"229",229,2020-10-01,"COTTESLOE",187.515151515152,"Western Australia"
"230",230,2020-11-01,"COTTESLOE",191.126213592233,"Western Australia"
"231",231,2020-12-01,"COTTESLOE",216.39175257732,"Western Australia"
"232",232,2021-01-01,"COTTESLOE",206.901960784314,"Western Australia"
"233",233,2021-02-01,"COTTESLOE",204.971962616822,"Western Australia"
"234",234,2021-03-01,"COTTESLOE",207.701030927835,"Western Australia"
"235",235,2021-04-01,"COTTESLOE",148.285714285714,"Western Australia"
"236",236,2020-05-01,"CRANBROOK",148.666666666667,"Western Australia"
"237",237,2020-06-01,"CRANBROOK",102,"Western Australia"
"238",238,2020-10-01,"CRANBROOK",140.5,"Western Australia"
"239",239,2020-11-01,"CRANBROOK",138,"Western Australia"
"240",240,2020-12-01,"CRANBROOK",130,"Western Australia"
"241",241,2021-01-01,"CRANBROOK",138,"Western Australia"
"242",242,2021-02-01,"CRANBROOK",140.5,"Western Australia"
"243",243,2021-03-01,"CRANBROOK",97,"Western Australia"
"244",244,2021-04-01,"CRANBROOK",175,"Western Australia"
"245",245,2020-05-01,"CUBALLING",154.6,"Western Australia"
"246",246,2020-06-01,"CUBALLING",154,"Western Australia"
"247",247,2020-10-01,"CUBALLING",154,"Western Australia"
"248",248,2020-11-01,"CUBALLING",154,"Western Australia"
"249",249,2020-12-01,"CUBALLING",154,"Western Australia"
"250",250,2021-01-01,"CUBALLING",174,"Western Australia"
"251",251,2021-02-01,"CUBALLING",174,"Western Australia"
"252",252,2021-03-01,"CUBALLING",174,"Western Australia"
"253",253,2020-05-01,"CUE",56.7142857142857,"Western Australia"
"254",254,2020-06-01,"CUE",55.7142857142857,"Western Australia"
"255",255,2020-10-01,"CUE",60.4166666666667,"Western Australia"
"256",256,2020-11-01,"CUE",60.4166666666667,"Western Australia"
"257",257,2020-12-01,"CUE",57.6923076923077,"Western Australia"
"258",258,2021-01-01,"CUE",57.6923076923077,"Western Australia"
"259",259,2021-02-01,"CUE",63.4615384615385,"Western Australia"
"260",260,2021-03-01,"CUE",63.4615384615385,"Western Australia"
"261",261,2020-05-01,"CUNDERDIN",93,"Western Australia"
"262",262,2020-06-01,"CUNDERDIN",93.3333333333333,"Western Australia"
"263",263,2020-05-01,"DANDARAGAN",175.540540540541,"Western Australia"
"264",264,2020-06-01,"DANDARAGAN",176.178571428571,"Western Australia"
"265",265,2020-10-01,"DANDARAGAN",174.18487394958,"Western Australia"
"266",266,2020-11-01,"DANDARAGAN",176.00826446281,"Western Australia"
"267",267,2020-12-01,"DANDARAGAN",194.769841269841,"Western Australia"
"268",268,2021-01-01,"DANDARAGAN",186.380165289256,"Western Australia"
"269",269,2021-02-01,"DANDARAGAN",178.154471544715,"Western Australia"
"270",270,2021-03-01,"DANDARAGAN",173.434782608696,"Western Australia"
"271",271,2021-04-01,"DANDARAGAN",188.666666666667,"Western Australia"
"272",272,2020-05-01,"DARDANUP",173.1875,"Western Australia"
"273",273,2020-06-01,"DARDANUP",172.9375,"Western Australia"
"274",274,2020-10-01,"DARDANUP",205.75,"Western Australia"
"275",275,2020-11-01,"DARDANUP",212,"Western Australia"
"276",276,2020-12-01,"DARDANUP",200.4,"Western Australia"
"277",277,2021-01-01,"DARDANUP",206.818181818182,"Western Australia"
"278",278,2021-02-01,"DARDANUP",207.909090909091,"Western Australia"
"279",279,2021-03-01,"DARDANUP",208.916666666667,"Western Australia"
"280",280,2020-05-01,"DENMARK",190.18085106383,"Western Australia"
"281",281,2020-06-01,"DENMARK",191.489247311828,"Western Australia"
"282",282,2020-10-01,"DENMARK",200.308571428571,"Western Australia"
"283",283,2020-11-01,"DENMARK",203.155172413793,"Western Australia"
"284",284,2020-12-01,"DENMARK",218.692737430168,"Western Australia"
"285",285,2021-01-01,"DENMARK",218.277777777778,"Western Australia"
"286",286,2021-02-01,"DENMARK",210.781420765027,"Western Australia"
"287",287,2021-03-01,"DENMARK",209.296703296703,"Western Australia"
"288",288,2021-04-01,"DENMARK",190.714285714286,"Western Australia"
"289",289,2020-05-01,"DERBY-WEST KIMBERLEY",150,"Western Australia"
"290",290,2020-06-01,"DERBY-WEST KIMBERLEY",149,"Western Australia"
"291",291,2020-05-01,"DONNYBROOK-BALINGUP",164.970588235294,"Western Australia"
"292",292,2020-06-01,"DONNYBROOK-BALINGUP",163.157142857143,"Western Australia"
"293",293,2020-10-01,"DONNYBROOK-BALINGUP",181.931034482759,"Western Australia"
"294",294,2020-11-01,"DONNYBROOK-BALINGUP",182.241379310345,"Western Australia"
"295",295,2020-12-01,"DONNYBROOK-BALINGUP",181.85,"Western Australia"
"296",296,2021-01-01,"DONNYBROOK-BALINGUP",183.64406779661,"Western Australia"
"297",297,2021-02-01,"DONNYBROOK-BALINGUP",180.967213114754,"Western Australia"
"298",298,2021-03-01,"DONNYBROOK-BALINGUP",181.816666666667,"Western Australia"
"299",299,2021-04-01,"DONNYBROOK-BALINGUP",129,"Western Australia"
"300",300,2020-05-01,"DOWERIN",50,"Western Australia"
"301",301,2020-06-01,"DOWERIN",50,"Western Australia"
"302",302,2020-05-01,"DUMBLEYUNG",94.6428571428571,"Western Australia"
"303",303,2020-06-01,"DUMBLEYUNG",93.8571428571429,"Western Australia"
"304",304,2020-10-01,"DUMBLEYUNG",83.8461538461538,"Western Australia"
"305",305,2020-11-01,"DUMBLEYUNG",83.8461538461538,"Western Australia"
"306",306,2020-12-01,"DUMBLEYUNG",83.8461538461538,"Western Australia"
"307",307,2021-01-01,"DUMBLEYUNG",83.8461538461538,"Western Australia"
"308",308,2021-02-01,"DUMBLEYUNG",83.8461538461538,"Western Australia"
"309",309,2021-03-01,"DUMBLEYUNG",83.8461538461538,"Western Australia"
"310",310,2020-05-01,"DUNDAS",160,"Western Australia"
"311",311,2020-06-01,"DUNDAS",160,"Western Australia"
"312",312,2020-12-01,"DUNDAS",160,"Western Australia"
"313",313,2021-01-01,"DUNDAS",160,"Western Australia"
"314",314,2021-02-01,"DUNDAS",160,"Western Australia"
"315",315,2021-03-01,"DUNDAS",160,"Western Australia"
"316",316,2020-05-01,"EAST FREMANTLE",128.911392405063,"Western Australia"
"317",317,2020-06-01,"EAST FREMANTLE",131.220779220779,"Western Australia"
"318",318,2020-10-01,"EAST FREMANTLE",131.777777777778,"Western Australia"
"319",319,2020-11-01,"EAST FREMANTLE",133,"Western Australia"
"320",320,2020-12-01,"EAST FREMANTLE",151.057692307692,"Western Australia"
"321",321,2021-01-01,"EAST FREMANTLE",142.673076923077,"Western Australia"
"322",322,2021-02-01,"EAST FREMANTLE",142.333333333333,"Western Australia"
"323",323,2021-03-01,"EAST FREMANTLE",145.431818181818,"Western Australia"
"324",324,2021-04-01,"EAST FREMANTLE",102.5,"Western Australia"
"325",325,2020-05-01,"EAST PILBARA",90.7142857142857,"Western Australia"
"326",326,2020-06-01,"EAST PILBARA",91.1428571428571,"Western Australia"
"327",327,2020-12-01,"EAST PILBARA",126.666666666667,"Western Australia"
"328",328,2021-01-01,"EAST PILBARA",125,"Western Australia"
"329",329,2021-02-01,"EAST PILBARA",120.888888888889,"Western Australia"
"330",330,2021-03-01,"EAST PILBARA",120.777777777778,"Western Australia"
"331",331,2020-05-01,"ESPERANCE",176.165413533835,"Western Australia"
"332",332,2020-06-01,"ESPERANCE",176.783582089552,"Western Australia"
"333",333,2020-10-01,"ESPERANCE",102.75,"Western Australia"
"334",334,2020-11-01,"ESPERANCE",115.538461538462,"Western Australia"
"335",335,2020-12-01,"ESPERANCE",215.14598540146,"Western Australia"
"336",336,2021-01-01,"ESPERANCE",219.436090225564,"Western Australia"
"337",337,2021-02-01,"ESPERANCE",201.614173228346,"Western Australia"
"338",338,2021-03-01,"ESPERANCE",205.98275862069,"Western Australia"
"339",339,2021-04-01,"ESPERANCE",196.727272727273,"Western Australia"
"340",340,2020-05-01,"EXMOUTH",220.742647058824,"Western Australia"
"341",341,2020-06-01,"EXMOUTH",218.481751824818,"Western Australia"
"342",342,2020-10-01,"EXMOUTH",166.461538461538,"Western Australia"
"343",343,2020-11-01,"EXMOUTH",164.125,"Western Australia"
"344",344,2020-12-01,"EXMOUTH",234.112,"Western Australia"
"345",345,2021-01-01,"EXMOUTH",235.703125,"Western Australia"
"346",346,2021-02-01,"EXMOUTH",264.945945945946,"Western Australia"
"347",347,2021-03-01,"EXMOUTH",248.8,"Western Australia"
"348",348,2021-04-01,"EXMOUTH",185,"Western Australia"
"349",349,2020-05-01,"FREMANTLE",133.727564102564,"Western Australia"
"350",350,2020-06-01,"FREMANTLE",132.74025974026,"Western Australia"
"351",351,2020-10-01,"FREMANTLE",132.263713080169,"Western Australia"
"352",352,2020-11-01,"FREMANTLE",134.876543209877,"Western Australia"
"353",353,2020-12-01,"FREMANTLE",151.420944558522,"Western Australia"
"354",354,2021-01-01,"FREMANTLE",145.430020283976,"Western Australia"
"355",355,2021-02-01,"FREMANTLE",142.162271805274,"Western Australia"
"356",356,2021-03-01,"FREMANTLE",143.210407239819,"Western Australia"
"357",357,2021-04-01,"FREMANTLE",126.923076923077,"Western Australia"
"358",358,2020-05-01,"GINGIN",219.966850828729,"Western Australia"
"359",359,2020-06-01,"GINGIN",223.043010752688,"Western Australia"
"360",360,2020-10-01,"GINGIN",210.554621848739,"Western Australia"
"361",361,2020-11-01,"GINGIN",212.371900826446,"Western Australia"
"362",362,2020-12-01,"GINGIN",243.841530054645,"Western Australia"
"363",363,2021-01-01,"GINGIN",244.393258426966,"Western Australia"
"364",364,2021-02-01,"GINGIN",240.48128342246,"Western Australia"
"365",365,2021-03-01,"GINGIN",240.899441340782,"Western Australia"
"366",366,2021-04-01,"GINGIN",193.8,"Western Australia"
"367",367,2020-05-01,"GNOWANGERUP",132.333333333333,"Western Australia"
"368",368,2020-06-01,"GNOWANGERUP",127.333333333333,"Western Australia"
"369",369,2020-10-01,"GNOWANGERUP",129.285714285714,"Western Australia"
"370",370,2020-11-01,"GNOWANGERUP",127.375,"Western Australia"
"371",371,2020-12-01,"GNOWANGERUP",145.875,"Western Australia"
"372",372,2021-01-01,"GNOWANGERUP",141.875,"Western Australia"
"373",373,2021-02-01,"GNOWANGERUP",145,"Western Australia"
"374",374,2021-03-01,"GNOWANGERUP",146.25,"Western Australia"
"375",375,2020-05-01,"GOOMALLING",130,"Western Australia"
"376",376,2020-06-01,"GOOMALLING",130,"Western Australia"
"377",377,2020-10-01,"GOOMALLING",130,"Western Australia"
"378",378,2020-11-01,"GOOMALLING",130,"Western Australia"
"379",379,2020-12-01,"GOOMALLING",130,"Western Australia"
"380",380,2021-01-01,"GOOMALLING",130,"Western Australia"
"381",381,2021-02-01,"GOOMALLING",130,"Western Australia"
"382",382,2021-03-01,"GOOMALLING",130,"Western Australia"
"383",383,2020-05-01,"GOSNELLS",82.8323699421965,"Western Australia"
"384",384,2020-06-01,"GOSNELLS",82.2307692307692,"Western Australia"
"385",385,2020-10-01,"GOSNELLS",85.4222222222222,"Western Australia"
"386",386,2020-11-01,"GOSNELLS",86.1884057971015,"Western Australia"
"387",387,2020-12-01,"GOSNELLS",88.3731343283582,"Western Australia"
"388",388,2021-01-01,"GOSNELLS",83.6277372262774,"Western Australia"
"389",389,2021-02-01,"GOSNELLS",87.0923076923077,"Western Australia"
"390",390,2021-03-01,"GOSNELLS",88.8,"Western Australia"
"391",391,2021-04-01,"GOSNELLS",81,"Western Australia"
"392",392,2020-05-01,"GREATER GERALDTON",112.416149068323,"Western Australia"
"393",393,2020-06-01,"GREATER GERALDTON",112.943037974684,"Western Australia"
"394",394,2020-10-01,"GREATER GERALDTON",69.5,"Western Australia"
"395",395,2020-11-01,"GREATER GERALDTON",116.081081081081,"Western Australia"
"396",396,2020-12-01,"GREATER GERALDTON",126.034482758621,"Western Australia"
"397",397,2021-01-01,"GREATER GERALDTON",121.592857142857,"Western Australia"
"398",398,2021-02-01,"GREATER GERALDTON",119.148936170213,"Western Australia"
"399",399,2021-03-01,"GREATER GERALDTON",119.111111111111,"Western Australia"
"400",400,2021-04-01,"GREATER GERALDTON",130.083333333333,"Western Australia"
"401",401,2020-05-01,"HARVEY",179.984126984127,"Western Australia"
"402",402,2020-06-01,"HARVEY",175.15873015873,"Western Australia"
"403",403,2020-10-01,"HARVEY",176.694915254237,"Western Australia"
"404",404,2020-11-01,"HARVEY",180.606557377049,"Western Australia"
"405",405,2020-12-01,"HARVEY",207.581818181818,"Western Australia"
"406",406,2021-01-01,"HARVEY",203.4,"Western Australia"
"407",407,2021-02-01,"HARVEY",189.254545454545,"Western Australia"
"408",408,2021-03-01,"HARVEY",182.196721311475,"Western Australia"
"409",409,2021-04-01,"HARVEY",120,"Western Australia"
"410",410,2020-05-01,"IRWIN",148.054054054054,"Western Australia"
"411",411,2020-06-01,"IRWIN",149.194444444444,"Western Australia"
"412",412,2020-10-01,"IRWIN",106.727272727273,"Western Australia"
"413",413,2020-11-01,"IRWIN",123.375,"Western Australia"
"414",414,2020-12-01,"IRWIN",129.777777777778,"Western Australia"
"415",415,2021-01-01,"IRWIN",126,"Western Australia"
"416",416,2021-02-01,"IRWIN",123.166666666667,"Western Australia"
"417",417,2021-03-01,"IRWIN",126.166666666667,"Western Australia"
"418",418,2020-05-01,"JERRAMUNGUP",158.793103448276,"Western Australia"
"419",419,2020-06-01,"JERRAMUNGUP",158.793103448276,"Western Australia"
"420",420,2020-10-01,"JERRAMUNGUP",173,"Western Australia"
"421",421,2020-11-01,"JERRAMUNGUP",173,"Western Australia"
"422",422,2020-12-01,"JERRAMUNGUP",173,"Western Australia"
"423",423,2021-01-01,"JERRAMUNGUP",173,"Western Australia"
"424",424,2021-02-01,"JERRAMUNGUP",173,"Western Australia"
"425",425,2021-03-01,"JERRAMUNGUP",173,"Western Australia"
"426",426,2020-05-01,"JOONDALUP",119.299727520436,"Western Australia"
"427",427,2020-06-01,"JOONDALUP",118.908847184987,"Western Australia"
"428",428,2020-10-01,"JOONDALUP",115.56,"Western Australia"
"429",429,2020-11-01,"JOONDALUP",116.996655518395,"Western Australia"
"430",430,2020-12-01,"JOONDALUP",122.555172413793,"Western Australia"
"431",431,2021-01-01,"JOONDALUP",117.076923076923,"Western Australia"
"432",432,2021-02-01,"JOONDALUP",118.580756013746,"Western Australia"
"433",433,2021-03-01,"JOONDALUP",117.434782608696,"Western Australia"
"434",434,2021-04-01,"JOONDALUP",90.3,"Western Australia"
"435",435,2020-05-01,"KALAMUNDA",100.987951807229,"Western Australia"
"436",436,2020-06-01,"KALAMUNDA",103.228915662651,"Western Australia"
"437",437,2020-10-01,"KALAMUNDA",112.138461538462,"Western Australia"
"438",438,2020-11-01,"KALAMUNDA",110.014705882353,"Western Australia"
"439",439,2020-12-01,"KALAMUNDA",123.166666666667,"Western Australia"
"440",440,2021-01-01,"KALAMUNDA",119.787878787879,"Western Australia"
"441",441,2021-02-01,"KALAMUNDA",115.301587301587,"Western Australia"
"442",442,2021-03-01,"KALAMUNDA",115.877192982456,"Western Australia"
"443",443,2021-04-01,"KALAMUNDA",102.75,"Western Australia"
"444",444,2020-05-01,"KALGOORLIE-BOULDER",134.764705882353,"Western Australia"
"445",445,2020-06-01,"KALGOORLIE-BOULDER",137.8,"Western Australia"
"446",446,2020-12-01,"KALGOORLIE-BOULDER",140.148148148148,"Western Australia"
"447",447,2021-01-01,"KALGOORLIE-BOULDER",140,"Western Australia"
"448",448,2021-02-01,"KALGOORLIE-BOULDER",141.288461538462,"Western Australia"
"449",449,2021-03-01,"KALGOORLIE-BOULDER",140.88,"Western Australia"
"450",450,2021-04-01,"KALGOORLIE-BOULDER",175,"Western Australia"
"451",451,2020-05-01,"KARRATHA",150.75,"Western Australia"
"452",452,2020-06-01,"KARRATHA",150.5,"Western Australia"
"453",453,2020-12-01,"KARRATHA",137.5,"Western Australia"
"454",454,2021-01-01,"KARRATHA",137.5,"Western Australia"
"455",455,2021-02-01,"KARRATHA",137.5,"Western Australia"
"456",456,2021-03-01,"KARRATHA",140,"Western Australia"
"457",457,2020-05-01,"KATANNING",134.285714285714,"Western Australia"
"458",458,2020-06-01,"KATANNING",134.142857142857,"Western Australia"
"459",459,2020-10-01,"KATANNING",137.25,"Western Australia"
"460",460,2020-11-01,"KATANNING",141,"Western Australia"
"461",461,2020-12-01,"KATANNING",142.125,"Western Australia"
"462",462,2021-01-01,"KATANNING",138.666666666667,"Western Australia"
"463",463,2021-02-01,"KATANNING",139.555555555556,"Western Australia"
"464",464,2021-03-01,"KATANNING",139.777777777778,"Western Australia"
"465",465,2020-05-01,"KELLERBERRIN",106,"Western Australia"
"466",466,2020-06-01,"KELLERBERRIN",104,"Western Australia"
"467",467,2020-05-01,"KOJONUP",147.833333333333,"Western Australia"
"468",468,2020-06-01,"KOJONUP",155.444444444444,"Western Australia"
"469",469,2020-10-01,"KOJONUP",135.555555555556,"Western Australia"
"470",470,2020-11-01,"KOJONUP",137.777777777778,"Western Australia"
"471",471,2020-12-01,"KOJONUP",138.111111111111,"Western Australia"
"472",472,2021-01-01,"KOJONUP",137.777777777778,"Western Australia"
"473",473,2021-02-01,"KOJONUP",135.4,"Western Australia"
"474",474,2021-03-01,"KOJONUP",135.555555555556,"Western Australia"
"475",475,2021-04-01,"KOJONUP",150,"Western Australia"
"476",476,2020-05-01,"KONDININ",107.666666666667,"Western Australia"
"477",477,2020-06-01,"KONDININ",103.866666666667,"Western Australia"
"478",478,2020-10-01,"KONDININ",104.307692307692,"Western Australia"
"479",479,2020-11-01,"KONDININ",104.538461538462,"Western Australia"
"480",480,2020-12-01,"KONDININ",106.538461538462,"Western Australia"
"481",481,2021-01-01,"KONDININ",112.615384615385,"Western Australia"
"482",482,2021-02-01,"KONDININ",111.384615384615,"Western Australia"
"483",483,2021-03-01,"KONDININ",108.083333333333,"Western Australia"
"484",484,2021-04-01,"KONDININ",148,"Western Australia"
"485",485,2020-05-01,"KULIN",153,"Western Australia"
"486",486,2020-06-01,"KULIN",152,"Western Australia"
"487",487,2020-10-01,"KULIN",146.25,"Western Australia"
"488",488,2020-11-01,"KULIN",141,"Western Australia"
"489",489,2020-12-01,"KULIN",166.833333333333,"Western Australia"
"490",490,2021-01-01,"KULIN",146.666666666667,"Western Australia"
"491",491,2021-02-01,"KULIN",147,"Western Australia"
"492",492,2021-03-01,"KULIN",147,"Western Australia"
"493",493,2020-05-01,"KWINANA",66.6666666666667,"Western Australia"
"494",494,2020-06-01,"KWINANA",62.725,"Western Australia"
"495",495,2020-10-01,"KWINANA",64.2258064516129,"Western Australia"
"496",496,2020-11-01,"KWINANA",66.5172413793103,"Western Australia"
"497",497,2020-12-01,"KWINANA",68.6428571428571,"Western Australia"
"498",498,2021-01-01,"KWINANA",67.7931034482759,"Western Australia"
"499",499,2021-02-01,"KWINANA",66.8,"Western Australia"
"500",500,2021-03-01,"KWINANA",61.3333333333333,"Western Australia"
"501",501,2021-04-01,"KWINANA",261,"Western Australia"
"502",502,2020-05-01,"LAKE GRACE",129.75,"Western Australia"
"503",503,2020-06-01,"LAKE GRACE",131.333333333333,"Western Australia"
"504",504,2020-10-01,"LAKE GRACE",120.25,"Western Australia"
"505",505,2020-11-01,"LAKE GRACE",124,"Western Australia"
"506",506,2020-12-01,"LAKE GRACE",113.5,"Western Australia"
"507",507,2021-01-01,"LAKE GRACE",112.5,"Western Australia"
"508",508,2021-02-01,"LAKE GRACE",118,"Western Australia"
"509",509,2021-03-01,"LAKE GRACE",117.5,"Western Australia"
"510",510,2020-05-01,"LAVERTON",160,"Western Australia"
"511",511,2020-06-01,"LAVERTON",160,"Western Australia"
"512",512,2020-12-01,"LAVERTON",160,"Western Australia"
"513",513,2021-01-01,"LAVERTON",160,"Western Australia"
"514",514,2021-02-01,"LAVERTON",160,"Western Australia"
"515",515,2021-03-01,"LAVERTON",160,"Western Australia"
"516",516,2020-05-01,"MANDURAH",172.908212560386,"Western Australia"
"517",517,2020-06-01,"MANDURAH",174.33729216152,"Western Australia"
"518",518,2020-10-01,"MANDURAH",189.344827586207,"Western Australia"
"519",519,2020-11-01,"MANDURAH",192.005586592179,"Western Australia"
"520",520,2020-12-01,"MANDURAH",197.209373134328,"Western Australia"
"521",521,2021-01-01,"MANDURAH",198.199421965318,"Western Australia"
"522",522,2021-02-01,"MANDURAH",192.355742296919,"Western Australia"
"523",523,2021-03-01,"MANDURAH",192.781869688385,"Western Australia"
"524",524,2021-04-01,"MANDURAH",206.2,"Western Australia"
"525",525,2020-05-01,"MANJIMUP",177.252100840336,"Western Australia"
"526",526,2020-06-01,"MANJIMUP",177.275,"Western Australia"
"527",527,2020-10-01,"MANJIMUP",178.535714285714,"Western Australia"
"528",528,2020-11-01,"MANJIMUP",180.982300884956,"Western Australia"
"529",529,2020-12-01,"MANJIMUP",187.09649122807,"Western Australia"
"530",530,2021-01-01,"MANJIMUP",184.112068965517,"Western Australia"
"531",531,2021-02-01,"MANJIMUP",183.205128205128,"Western Australia"
"532",532,2021-03-01,"MANJIMUP",180.8125,"Western Australia"
"533",533,2021-04-01,"MANJIMUP",120,"Western Australia"
"534",534,2020-05-01,"MEEKATHARRA",70.7142857142857,"Western Australia"
"535",535,2020-06-01,"MEEKATHARRA",70.2857142857143,"Western Australia"
"536",536,2020-05-01,"MELVILLE",113.024221453287,"Western Australia"
"537",537,2020-06-01,"MELVILLE",112.339160839161,"Western Australia"
"538",538,2020-10-01,"MELVILLE",116.923076923077,"Western Australia"
"539",539,2020-11-01,"MELVILLE",119.295336787565,"Western Australia"
"540",540,2020-12-01,"MELVILLE",131.757731958763,"Western Australia"
"541",541,2021-01-01,"MELVILLE",125.314432989691,"Western Australia"
"542",542,2021-02-01,"MELVILLE",123.507772020725,"Western Australia"
"543",543,2021-03-01,"MELVILLE",119.911602209945,"Western Australia"
"544",544,2021-04-01,"MELVILLE",154.857142857143,"Western Australia"
"545",545,2020-06-01,"MENZIES",199,"Western Australia"
"546",546,2020-12-01,"MENZIES",199,"Western Australia"
"547",547,2021-01-01,"MENZIES",199,"Western Australia"
"548",548,2021-02-01,"MENZIES",199,"Western Australia"
"549",549,2021-03-01,"MENZIES",199,"Western Australia"
"550",550,2020-05-01,"MERREDIN",118.363636363636,"Western Australia"
"551",551,2020-06-01,"MERREDIN",116.772727272727,"Western Australia"
"552",552,2020-05-01,"MOORA",74.1428571428571,"Western Australia"
"553",553,2020-06-01,"MOORA",74,"Western Australia"
"554",554,2020-10-01,"MOORA",43.75,"Western Australia"
"555",555,2020-11-01,"MOORA",43.75,"Western Australia"
"556",556,2020-12-01,"MOORA",60.8333333333333,"Western Australia"
"557",557,2021-01-01,"MOORA",61.6666666666667,"Western Australia"
"558",558,2021-02-01,"MOORA",61.6666666666667,"Western Australia"
"559",559,2021-03-01,"MOORA",61.6666666666667,"Western Australia"
"560",560,2020-05-01,"MOSMAN PARK",113.860465116279,"Western Australia"
"561",561,2020-06-01,"MOSMAN PARK",113.340909090909,"Western Australia"
"562",562,2020-10-01,"MOSMAN PARK",104.396551724138,"Western Australia"
"563",563,2020-11-01,"MOSMAN PARK",105.431034482759,"Western Australia"
"564",564,2020-12-01,"MOSMAN PARK",127.127272727273,"Western Australia"
"565",565,2021-01-01,"MOSMAN PARK",121.25,"Western Australia"
"566",566,2021-02-01,"MOSMAN PARK",122.509433962264,"Western Australia"
"567",567,2021-03-01,"MOSMAN PARK",121.442307692308,"Western Australia"
"568",568,2021-04-01,"MOSMAN PARK",98,"Western Australia"
"569",569,2020-05-01,"MOUNT MARSHALL",120,"Western Australia"
"570",570,2020-06-01,"MOUNT MARSHALL",120,"Western Australia"
"571",571,2020-05-01,"MUKINBUDIN",16,"Western Australia"
"572",572,2020-06-01,"MUKINBUDIN",14,"Western Australia"
"573",573,2020-05-01,"MUNDARING",122.7625,"Western Australia"
"574",574,2020-06-01,"MUNDARING",125.911392405063,"Western Australia"
"575",575,2020-10-01,"MUNDARING",133.125,"Western Australia"
"576",576,2020-11-01,"MUNDARING",133.225352112676,"Western Australia"
"577",577,2020-12-01,"MUNDARING",145.314285714286,"Western Australia"
"578",578,2021-01-01,"MUNDARING",147.014285714286,"Western Australia"
"579",579,2021-02-01,"MUNDARING",145.376811594203,"Western Australia"
"580",580,2021-03-01,"MUNDARING",148.10447761194,"Western Australia"
"581",581,2021-04-01,"MUNDARING",159.5,"Western Australia"
"582",582,2020-05-01,"MURRAY",155.918918918919,"Western Australia"
"583",583,2020-06-01,"MURRAY",160.921739130435,"Western Australia"
"584",584,2020-10-01,"MURRAY",163.091743119266,"Western Australia"
"585",585,2020-11-01,"MURRAY",167.272727272727,"Western Australia"
"586",586,2020-12-01,"MURRAY",174.798076923077,"Western Australia"
"587",587,2021-01-01,"MURRAY",179.233333333333,"Western Australia"
"588",588,2021-02-01,"MURRAY",179.306818181818,"Western Australia"
"589",589,2021-03-01,"MURRAY",180.595505617978,"Western Australia"
"590",590,2021-04-01,"MURRAY",171,"Western Australia"
"591",591,2020-05-01,"NANNUP",168.561403508772,"Western Australia"
"592",592,2020-06-01,"NANNUP",165,"Western Australia"
"593",593,2020-10-01,"NANNUP",171.964912280702,"Western Australia"
"594",594,2020-11-01,"NANNUP",175.241379310345,"Western Australia"
"595",595,2020-12-01,"NANNUP",183.724137931034,"Western Australia"
"596",596,2021-01-01,"NANNUP",180.16393442623,"Western Australia"
"597",597,2021-02-01,"NANNUP",179.540983606557,"Western Australia"
"598",598,2021-03-01,"NANNUP",180.433333333333,"Western Australia"
"599",599,2020-05-01,"NAREMBEEN",130,"Western Australia"
"600",600,2020-06-01,"NAREMBEEN",130,"Western Australia"
"601",601,2020-05-01,"NARROGIN",120.25,"Western Australia"
"602",602,2020-06-01,"NARROGIN",119.461538461538,"Western Australia"
"603",603,2020-10-01,"NARROGIN",115.384615384615,"Western Australia"
"604",604,2020-11-01,"NARROGIN",114.923076923077,"Western Australia"
"605",605,2020-12-01,"NARROGIN",117.166666666667,"Western Australia"
"606",606,2021-01-01,"NARROGIN",116.666666666667,"Western Australia"
"607",607,2021-02-01,"NARROGIN",115.909090909091,"Western Australia"
"608",608,2021-03-01,"NARROGIN",115.909090909091,"Western Australia"
"609",609,2020-05-01,"NEDLANDS",151.7,"Western Australia"
"610",610,2020-06-01,"NEDLANDS",153.617283950617,"Western Australia"
"611",611,2020-10-01,"NEDLANDS",139.829787234043,"Western Australia"
"612",612,2020-11-01,"NEDLANDS",140.803571428571,"Western Australia"
"613",613,2020-12-01,"NEDLANDS",152.403846153846,"Western Australia"
"614",614,2021-01-01,"NEDLANDS",156.890909090909,"Western Australia"
"615",615,2021-02-01,"NEDLANDS",149.51724137931,"Western Australia"
"616",616,2021-03-01,"NEDLANDS",162.909090909091,"Western Australia"
"617",617,2021-04-01,"NEDLANDS",106,"Western Australia"
"618",618,2020-05-01,"NGAANYATJARRAKU",160,"Western Australia"
"619",619,2020-06-01,"NGAANYATJARRAKU",160,"Western Australia"
"620",620,2020-12-01,"NGAANYATJARRAKU",160,"Western Australia"
"621",621,2021-01-01,"NGAANYATJARRAKU",160,"Western Australia"
"622",622,2021-02-01,"NGAANYATJARRAKU",160,"Western Australia"
"623",623,2021-03-01,"NGAANYATJARRAKU",160,"Western Australia"
"624",624,2020-05-01,"NORTHAM",126.722222222222,"Western Australia"
"625",625,2020-06-01,"NORTHAM",126.722222222222,"Western Australia"
"626",626,2020-10-01,"NORTHAM",126.6,"Western Australia"
"627",627,2020-11-01,"NORTHAM",124.95,"Western Australia"
"628",628,2020-12-01,"NORTHAM",125.95,"Western Australia"
"629",629,2021-01-01,"NORTHAM",122.190476190476,"Western Australia"
"630",630,2021-02-01,"NORTHAM",124.227272727273,"Western Australia"
"631",631,2021-03-01,"NORTHAM",131.2,"Western Australia"
"632",632,2021-04-01,"NORTHAM",141,"Western Australia"
"633",633,2020-05-01,"NORTHAMPTON",151.831683168317,"Western Australia"
"634",634,2020-06-01,"NORTHAMPTON",151.227722772277,"Western Australia"
"635",635,2020-10-01,"NORTHAMPTON",130.333333333333,"Western Australia"
"636",636,2020-11-01,"NORTHAMPTON",167.315789473684,"Western Australia"
"637",637,2020-12-01,"NORTHAMPTON",181.948453608247,"Western Australia"
"638",638,2021-01-01,"NORTHAMPTON",173.929292929293,"Western Australia"
"639",639,2021-02-01,"NORTHAMPTON",169.29702970297,"Western Australia"
"640",640,2021-03-01,"NORTHAMPTON",175.272727272727,"Western Australia"
"641",641,2021-04-01,"NORTHAMPTON",149.666666666667,"Western Australia"
"642",642,2020-05-01,"NUNGARIN",95,"Western Australia"
"643",643,2020-06-01,"NUNGARIN",94,"Western Australia"
"644",644,2020-05-01,"PEPPERMINT GROVE",68.75,"Western Australia"
"645",645,2020-06-01,"PEPPERMINT GROVE",68.25,"Western Australia"
"646",646,2020-10-01,"PEPPERMINT GROVE",400,"Western Australia"
"647",647,2020-11-01,"PEPPERMINT GROVE",400,"Western Australia"
"648",648,2021-01-01,"PEPPERMINT GROVE",400,"Western Australia"
"649",649,2021-03-01,"PEPPERMINT GROVE",400,"Western Australia"
"650",650,2020-05-01,"PERENJORI",134,"Western Australia"
"651",651,2020-06-01,"PERENJORI",110,"Western Australia"
"652",652,2020-05-01,"PERTH",120.218406593407,"Western Australia"
"653",653,2020-06-01,"PERTH",119.935261707989,"Western Australia"
"654",654,2020-10-01,"PERTH",110.012612612613,"Western Australia"
"655",655,2020-11-01,"PERTH",115.557586837294,"Western Australia"
"656",656,2020-12-01,"PERTH",123.798181818182,"Western Australia"
"657",657,2021-01-01,"PERTH",121.357677902622,"Western Australia"
"658",658,2021-02-01,"PERTH",119.256983240223,"Western Australia"
"659",659,2021-03-01,"PERTH",120.5625,"Western Australia"
"660",660,2021-04-01,"PERTH",124.371428571429,"Western Australia"
"661",661,2020-05-01,"PINGELLY",79,"Western Australia"
"662",662,2020-06-01,"PINGELLY",80,"Western Australia"
"663",663,2020-10-01,"PINGELLY",90,"Western Australia"
"664",664,2020-11-01,"PINGELLY",90,"Western Australia"
"665",665,2020-12-01,"PINGELLY",90,"Western Australia"
"666",666,2021-01-01,"PINGELLY",90,"Western Australia"
"667",667,2021-02-01,"PINGELLY",90,"Western Australia"
"668",668,2021-03-01,"PINGELLY",100.5,"Western Australia"
"669",669,2020-05-01,"PLANTAGENET",153.285714285714,"Western Australia"
"670",670,2020-06-01,"PLANTAGENET",159.461538461538,"Western Australia"
"671",671,2020-10-01,"PLANTAGENET",160.793103448276,"Western Australia"
"672",672,2020-11-01,"PLANTAGENET",161.321428571429,"Western Australia"
"673",673,2020-12-01,"PLANTAGENET",163.75,"Western Australia"
"674",674,2021-01-01,"PLANTAGENET",164.571428571429,"Western Australia"
"675",675,2021-02-01,"PLANTAGENET",167.407407407407,"Western Australia"
"676",676,2021-03-01,"PLANTAGENET",170.481481481481,"Western Australia"
"677",677,2020-05-01,"PORT HEDLAND",91,"Western Australia"
"678",678,2020-06-01,"PORT HEDLAND",93.2,"Western Australia"
"679",679,2020-05-01,"QUAIRADING",110.666666666667,"Western Australia"
"680",680,2020-06-01,"QUAIRADING",110,"Western Australia"
"681",681,2020-05-01,"RAVENSTHORPE",164.35,"Western Australia"
"682",682,2020-06-01,"RAVENSTHORPE",164.85,"Western Australia"
"683",683,2020-10-01,"RAVENSTHORPE",150.166666666667,"Western Australia"
"684",684,2020-11-01,"RAVENSTHORPE",150.5,"Western Australia"
"685",685,2020-12-01,"RAVENSTHORPE",171.714285714286,"Western Australia"
"686",686,2021-01-01,"RAVENSTHORPE",168.25,"Western Australia"
"687",687,2021-02-01,"RAVENSTHORPE",156.428571428571,"Western Australia"
"688",688,2021-03-01,"RAVENSTHORPE",149.5,"Western Australia"
"689",689,2020-05-01,"ROCKINGHAM",122.282511210762,"Western Australia"
"690",690,2020-06-01,"ROCKINGHAM",122.544247787611,"Western Australia"
"691",691,2020-10-01,"ROCKINGHAM",138.016216216216,"Western Australia"
"692",692,2020-11-01,"ROCKINGHAM",138.828729281768,"Western Australia"
"693",693,2020-12-01,"ROCKINGHAM",145.467391304348,"Western Australia"
"694",694,2021-01-01,"ROCKINGHAM",138.861111111111,"Western Australia"
"695",695,2021-02-01,"ROCKINGHAM",138.43956043956,"Western Australia"
"696",696,2021-03-01,"ROCKINGHAM",132.66081871345,"Western Australia"
"697",697,2021-04-01,"ROCKINGHAM",175,"Western Australia"
"698",698,2020-05-01,"SANDSTONE",149,"Western Australia"
"699",699,2020-06-01,"SANDSTONE",149,"Western Australia"
"700",700,2020-05-01,"SERPENTINE-JARRAHDALE",128.189189189189,"Western Australia"
"701",701,2020-06-01,"SERPENTINE-JARRAHDALE",131.810810810811,"Western Australia"
"702",702,2020-10-01,"SERPENTINE-JARRAHDALE",123.838709677419,"Western Australia"
"703",703,2020-11-01,"SERPENTINE-JARRAHDALE",122.838709677419,"Western Australia"
"704",704,2020-12-01,"SERPENTINE-JARRAHDALE",122.225806451613,"Western Australia"
"705",705,2021-01-01,"SERPENTINE-JARRAHDALE",115.066666666667,"Western Australia"
"706",706,2021-02-01,"SERPENTINE-JARRAHDALE",118.193548387097,"Western Australia"
"707",707,2021-03-01,"SERPENTINE-JARRAHDALE",117.866666666667,"Western Australia"
"708",708,2021-04-01,"SERPENTINE-JARRAHDALE",155,"Western Australia"
"709",709,2020-05-01,"SHARK BAY",174.75,"Western Australia"
"710",710,2020-06-01,"SHARK BAY",168.7,"Western Australia"
"711",711,2020-10-01,"SHARK BAY",174.111111111111,"Western Australia"
"712",712,2020-11-01,"SHARK BAY",176.727272727273,"Western Australia"
"713",713,2020-12-01,"SHARK BAY",176.090909090909,"Western Australia"
"714",714,2021-01-01,"SHARK BAY",180.5,"Western Australia"
"715",715,2021-02-01,"SHARK BAY",178.25,"Western Australia"
"716",716,2021-03-01,"SHARK BAY",178.230769230769,"Western Australia"
"717",717,2020-05-01,"SOUTH PERTH",123.903614457831,"Western Australia"
"718",718,2020-06-01,"SOUTH PERTH",122.446280991736,"Western Australia"
"719",719,2020-10-01,"SOUTH PERTH",116.495,"Western Australia"
"720",720,2020-11-01,"SOUTH PERTH",119.210526315789,"Western Australia"
"721",721,2020-12-01,"SOUTH PERTH",127.128571428571,"Western Australia"
"722",722,2021-01-01,"SOUTH PERTH",126.296650717703,"Western Australia"
"723",723,2021-02-01,"SOUTH PERTH",124.78640776699,"Western Australia"
"724",724,2021-03-01,"SOUTH PERTH",126.061538461538,"Western Australia"
"725",725,2021-04-01,"SOUTH PERTH",146.3,"Western Australia"
"726",726,2020-05-01,"STIRLING",112.027166882277,"Western Australia"
"727",727,2020-06-01,"STIRLING",112.754037267081,"Western Australia"
"728",728,2020-10-01,"STIRLING",116.084403669725,"Western Australia"
"729",729,2020-11-01,"STIRLING",119.497287522604,"Western Australia"
"730",730,2020-12-01,"STIRLING",136.080882352941,"Western Australia"
"731",731,2021-01-01,"STIRLING",133.143656716418,"Western Australia"
"732",732,2021-02-01,"STIRLING",128.174484052533,"Western Australia"
"733",733,2021-03-01,"STIRLING",125.356299212598,"Western Australia"
"734",734,2021-04-01,"STIRLING",130.526315789474,"Western Australia"
"735",735,2020-05-01,"SUBIACO",128.887323943662,"Western Australia"
"736",736,2020-06-01,"SUBIACO",128.943925233645,"Western Australia"
"737",737,2020-10-01,"SUBIACO",123.025157232704,"Western Australia"
"738",738,2020-11-01,"SUBIACO",127.341772151899,"Western Australia"
"739",739,2020-12-01,"SUBIACO",135.918238993711,"Western Australia"
"740",740,2021-01-01,"SUBIACO",132.728395061728,"Western Australia"
"741",741,2021-02-01,"SUBIACO",134.62893081761,"Western Australia"
"742",742,2021-03-01,"SUBIACO",133.897260273973,"Western Australia"
"743",743,2021-04-01,"SUBIACO",132.833333333333,"Western Australia"
"744",744,2020-05-01,"SWAN",107.334862385321,"Western Australia"
"745",745,2020-06-01,"SWAN",106.828703703704,"Western Australia"
"746",746,2020-10-01,"SWAN",115.8375,"Western Australia"
"747",747,2020-11-01,"SWAN",115.947368421053,"Western Australia"
"748",748,2020-12-01,"SWAN",115.986666666667,"Western Australia"
"749",749,2021-01-01,"SWAN",117.02614379085,"Western Australia"
"750",750,2021-02-01,"SWAN",116.614379084967,"Western Australia"
"751",751,2021-03-01,"SWAN",119.335570469799,"Western Australia"
"752",752,2021-04-01,"SWAN",120,"Western Australia"
"753",753,2020-05-01,"TOODYAY",145.309523809524,"Western Australia"
"754",754,2020-06-01,"TOODYAY",145.853658536585,"Western Australia"
"755",755,2020-10-01,"TOODYAY",139.121212121212,"Western Australia"
"756",756,2020-11-01,"TOODYAY",141.882352941176,"Western Australia"
"757",757,2020-12-01,"TOODYAY",141.885714285714,"Western Australia"
"758",758,2021-01-01,"TOODYAY",142.878787878788,"Western Australia"
"759",759,2021-02-01,"TOODYAY",145.774193548387,"Western Australia"
"760",760,2021-03-01,"TOODYAY",149.5,"Western Australia"
"761",761,2020-05-01,"TRAYNING",95,"Western Australia"
"762",762,2020-06-01,"TRAYNING",94,"Western Australia"
"763",763,2020-05-01,"VICTORIA PARK",98.7946768060836,"Western Australia"
"764",764,2020-06-01,"VICTORIA PARK",96.7125984251968,"Western Australia"
"765",765,2020-10-01,"VICTORIA PARK",95.5490196078431,"Western Australia"
"766",766,2020-11-01,"VICTORIA PARK",96.1610738255034,"Western Australia"
"767",767,2020-12-01,"VICTORIA PARK",104.225165562914,"Western Australia"
"768",768,2021-01-01,"VICTORIA PARK",102.745098039216,"Western Australia"
"769",769,2021-02-01,"VICTORIA PARK",101.80985915493,"Western Australia"
"770",770,2021-03-01,"VICTORIA PARK",99.3082706766917,"Western Australia"
"771",771,2021-04-01,"VICTORIA PARK",132,"Western Australia"
"772",772,2020-05-01,"VINCENT",106.776595744681,"Western Australia"
"773",773,2020-06-01,"VINCENT",105.97311827957,"Western Australia"
"774",774,2020-10-01,"VINCENT",109.348178137652,"Western Australia"
"775",775,2020-11-01,"VINCENT",111.562248995984,"Western Australia"
"776",776,2020-12-01,"VINCENT",121.252066115702,"Western Australia"
"777",777,2021-01-01,"VINCENT",116.644628099174,"Western Australia"
"778",778,2021-02-01,"VINCENT",116.794871794872,"Western Australia"
"779",779,2021-03-01,"VINCENT",116.200913242009,"Western Australia"
"780",780,2021-04-01,"VINCENT",99.304347826087,"Western Australia"
"781",781,2020-05-01,"WAGIN",100.142857142857,"Western Australia"
"782",782,2020-06-01,"WAGIN",103.166666666667,"Western Australia"
"783",783,2020-10-01,"WAGIN",93,"Western Australia"
"784",784,2020-11-01,"WAGIN",93.3333333333333,"Western Australia"
"785",785,2020-12-01,"WAGIN",99.5,"Western Australia"
"786",786,2021-01-01,"WAGIN",98.5,"Western Australia"
"787",787,2021-02-01,"WAGIN",99,"Western Australia"
"788",788,2021-03-01,"WAGIN",92,"Western Australia"
"789",789,2021-04-01,"WAGIN",97,"Western Australia"
"790",790,2020-05-01,"WANDERING",142,"Western Australia"
"791",791,2020-06-01,"WANDERING",141.333333333333,"Western Australia"
"792",792,2020-10-01,"WANDERING",147,"Western Australia"
"793",793,2020-11-01,"WANDERING",147,"Western Australia"
"794",794,2020-12-01,"WANDERING",147,"Western Australia"
"795",795,2021-01-01,"WANDERING",147,"Western Australia"
"796",796,2021-02-01,"WANDERING",147,"Western Australia"
"797",797,2021-03-01,"WANDERING",151.666666666667,"Western Australia"
"798",798,2020-05-01,"WANNEROO",113.368029739777,"Western Australia"
"799",799,2020-06-01,"WANNEROO",114.349442379182,"Western Australia"
"800",800,2020-10-01,"WANNEROO",117.551724137931,"Western Australia"
"801",801,2020-11-01,"WANNEROO",117.07960199005,"Western Australia"
"802",802,2020-12-01,"WANNEROO",127.691176470588,"Western Australia"
"803",803,2021-01-01,"WANNEROO",125.975369458128,"Western Australia"
"804",804,2021-02-01,"WANNEROO",123.379487179487,"Western Australia"
"805",805,2021-03-01,"WANNEROO",125.326086956522,"Western Australia"
"806",806,2021-04-01,"WANNEROO",79.25,"Western Australia"
"807",807,2020-05-01,"WAROONA",181.647058823529,"Western Australia"
"808",808,2020-06-01,"WAROONA",184.538461538462,"Western Australia"
"809",809,2020-10-01,"WAROONA",167.3,"Western Australia"
"810",810,2020-11-01,"WAROONA",169.1,"Western Australia"
"811",811,2020-12-01,"WAROONA",160.5,"Western Australia"
"812",812,2021-01-01,"WAROONA",160.75,"Western Australia"
"813",813,2021-02-01,"WAROONA",182.1,"Western Australia"
"814",814,2021-03-01,"WAROONA",179.333333333333,"Western Australia"
"815",815,2021-04-01,"WAROONA",206,"Western Australia"
"816",816,2020-05-01,"WEST ARTHUR",124.666666666667,"Western Australia"
"817",817,2020-06-01,"WEST ARTHUR",124.666666666667,"Western Australia"
"818",818,2020-10-01,"WEST ARTHUR",125,"Western Australia"
"819",819,2020-11-01,"WEST ARTHUR",125,"Western Australia"
"820",820,2020-12-01,"WEST ARTHUR",125,"Western Australia"
"821",821,2021-01-01,"WEST ARTHUR",126.666666666667,"Western Australia"
"822",822,2021-02-01,"WEST ARTHUR",126.666666666667,"Western Australia"
"823",823,2021-03-01,"WEST ARTHUR",126.666666666667,"Western Australia"
"824",824,2020-05-01,"WICKEPIN",79,"Western Australia"
"825",825,2020-06-01,"WICKEPIN",80,"Western Australia"
"826",826,2020-10-01,"WICKEPIN",115,"Western Australia"
"827",827,2020-11-01,"WICKEPIN",115,"Western Australia"
"828",828,2020-12-01,"WICKEPIN",115,"Western Australia"
"829",829,2021-01-01,"WICKEPIN",115,"Western Australia"
"830",830,2021-02-01,"WICKEPIN",115,"Western Australia"
"831",831,2021-03-01,"WICKEPIN",115,"Western Australia"
"832",832,2020-05-01,"WILLIAMS",329,"Western Australia"
"833",833,2020-06-01,"WILLIAMS",330,"Western Australia"
"834",834,2020-10-01,"WILLIAMS",191,"Western Australia"
"835",835,2020-11-01,"WILLIAMS",191,"Western Australia"
"836",836,2020-12-01,"WILLIAMS",193.5,"Western Australia"
"837",837,2021-01-01,"WILLIAMS",193.5,"Western Australia"
"838",838,2021-02-01,"WILLIAMS",193,"Western Australia"
"839",839,2021-03-01,"WILLIAMS",193.5,"Western Australia"
"840",840,2020-05-01,"WOODANILLING",120,"Western Australia"
"841",841,2020-06-01,"WOODANILLING",120,"Western Australia"
"842",842,2020-10-01,"WOODANILLING",123,"Western Australia"
"843",843,2020-11-01,"WOODANILLING",123,"Western Australia"
"844",844,2020-12-01,"WOODANILLING",134,"Western Australia"
"845",845,2021-01-01,"WOODANILLING",123,"Western Australia"
"846",846,2021-02-01,"WOODANILLING",123,"Western Australia"
"847",847,2021-03-01,"WOODANILLING",120,"Western Australia"
"848",848,2020-05-01,"WYALKATCHEM",111.5,"Western Australia"
"849",849,2020-06-01,"WYALKATCHEM",112,"Western Australia"
"850",850,2020-05-01,"WYNDHAM-EAST KIMBERLEY",118.947368421053,"Western Australia"
"851",851,2020-06-01,"WYNDHAM-EAST KIMBERLEY",123.052631578947,"Western Australia"
"852",852,2020-12-01,"WYNDHAM-EAST KIMBERLEY",126.8,"Western Australia"
"853",853,2021-01-01,"WYNDHAM-EAST KIMBERLEY",127.5,"Western Australia"
"854",854,2021-02-01,"WYNDHAM-EAST KIMBERLEY",120.4,"Western Australia"
"855",855,2021-03-01,"WYNDHAM-EAST KIMBERLEY",124.2,"Western Australia"
"856",856,2020-05-01,"YALGOO",141.2,"Western Australia"
"857",857,2020-06-01,"YALGOO",141.8,"Western Australia"
"858",858,2020-05-01,"YILGARN",79,"Western Australia"
"859",859,2020-06-01,"YILGARN",90,"Western Australia"
"860",860,2020-05-01,"YORK",153.8,"Western Australia"
"861",861,2020-06-01,"YORK",149.592592592593,"Western Australia"
"862",862,2020-10-01,"YORK",159.478260869565,"Western Australia"
"863",863,2020-11-01,"YORK",158.869565217391,"Western Australia"
"864",864,2020-12-01,"YORK",158.782608695652,"Western Australia"
"865",865,2021-01-01,"YORK",160.375,"Western Australia"
"866",866,2021-02-01,"YORK",165.695652173913,"Western Australia"
"867",867,2021-03-01,"YORK",169.809523809524,"Western Australia"
"868",868,2021-04-01,"YORK",112.5,"Western Australia"
